,title,company,salary,location,company_rating,description,daysago
0,"2022510 Data Scientist $215,000.00",B4CORP,"Up to $215,000 a year","Reston, VA+2 locations",,Employer funded HSA to cover 100% health care deductible.Health Equity HSA – B4Corp contributes $1500.00 for single and $3000.00 for family into your Health…,Posted1 day ago
1,Data Scientist - Development Program,National Security Agency,"$86,389 - $116,788 a year","Fort Meade, MD+1 location",4.2,"Applying scientific methods to data evaluation, performing statistical inference, and data mining.Relevant experience must be in designing/implementing machine…",Posted30+ days ago
2,Junior Data Labeler,Deloitte,Estimated $83.4K – $106K a year,"Rosslyn, VA 22209 (Radnor-Ft Myer Heights area)",4.0,"Our team supports all phases of analytic work product development, from the identification of key business questions through data collection and ETL, and from…",Posted30+ days ago
3,Data Scientist,Dataworks,"$100,000 - $130,000 a year","Washington, DC",,A passion and deep-rooted understanding of statistics and machine learning problem.A degree in a STEM subject.Competitive salary plus bonus / benefits*.,EmployerActive 4 days ago
4,Jr. Data Scientist,Cognowiz solutions LLC,"$70,000 - $90,000 a year","Herndon, VA 20170",,"Experience with data visualization tools, such as Tableau, Qlik, Power BI, d3.js, or equivalent.Ability to break down and understand complex business problems,…",EmployerActive 4 days ago
5,Data Scientist,Central Intelligence Agency,"$70,150 - $172,500 a year","Washington, DC 20505 (Foggy Bottom area)",4.3,"Our benefits support every aspect of a working professional’s life, including health and wellness, time off, family, finances, and continuing education.",Posted30+ days ago
6,"DATA - Data Scientist - Python, R, Gurobi - onsite",Addison Group,"$125,000 a year","Arlington, VA 22201",3.7,Collaborate with data scientists and software engineers on several projects.Basic knowledge in machine learning concepts.,Posted30+ days ago
7,Data Science Trainee,Booz Allen Hamilton,Estimated $92.6K – $117K a year,"Arlington, VA+33 locations",3.9,"You’ll learn how to write scripts to integrate data, conduct exploratory data analysis to discover hidden trends, apply machine learning to train predictive…",Posted14 days ago
8,Junior Data Scientist,Reed Business Information,Estimated $122K – $154K a year,"Washington, DC+4 locations•Remote",3.7,"You will prototype new ideas and build-out existing systems, collaborating with other data scientists, product managers, front-end developers, and a dedicated…",Posted12 days ago
9,Data Scientist,BlueLabs,"$75,000 a year","Washington, DC 20005 (Logan Circle area)",,"Collaborate with engineers, data scientists, program managers and external stakeholders to troubleshoot problems and proactively create solutions.",Posted30+ days ago
10,IT Specialist (Data Scientist),US Consumer Financial Protection Bureau,"$111,199 - $169,108 a year","Washington, DC•Temporarily Remote",,"Serve as a technical expert in all major areas of HMDA and related data analysis, including mortgage loan data, conventional analytics techniques, financial…",Posted10 days ago
11,Data Integration - Statistical Analyst,Prince George's County Public Schools,"$62,703 - $121,641 a year","Oxon Hill, MD",3.7,"Knowledge of data analysis techniques and strategies sufficient for analyzing student data.Participates in training to remain current on data sources, data…",Posted11 days ago
12,Junior Data Scientist,SRI International,Estimated $79.6K – $101K a year,"Arlington, VA 22209 (Radnor-Ft Myer Heights area)•Remote",3.6,"1-2 years working with data scientists to support data cleaning, modeling, and analysis.1-2 years using R for data science.",Posted30+ days ago
13,Data Scientist,Evans & Chambers Technology,Estimated $89.2K – $113K a year,"Washington, DC+1 location•Remote",4.5,The Data Scientist will assist business units with existing market data to discover analytic insights that promote trade competitiveness.,EmployerActive 11 days ago
14,Data Analyst (Remote),Kitcheck,Estimated $60.8K – $77K a year,"Washington, DC•Remote",,Perform reconciliation and quality assurance of client data through the use of analytical and audit procedures to ensure data integrity.,PostedToday
15,Data Scientist,Evans & Chambers Technology,Full-time,"Washington, DC+1 location•Remote",4.5,The Data Scientist will assist business units with existing market data to discover analytic insights that promote trade competitiveness.,EmployerActive 11 days ago
16,Data Analyst (Remote),Kitcheck,Full-time,"Washington, DC•Remote",,Perform reconciliation and quality assurance of client data through the use of analytical and audit procedures to ensure data integrity.,PostedToday
17,Data Scientist,SYNTASA,Full-time,"Herndon, VA 20170•Remote",3.5,Develop a deep understanding of customers’ context and help them translate the business use cases into data science solutions.,Posted22 days ago
18,Junior Data Scientist,Knowable,Full-time,"Washington, DC•Remote",3.0,"You will prototype new ideas and build-out existing systems, collaborating with other data scientists, product managers, front-end developers, and a dedicated…",Posted12 days ago
19,DATA SCIENTIST,US Office of National Drug Control Policy,"$106,823 - $138,868 a year","Washington, DC",,"Develops and conducts data science projects, often with other government partners, for determining data needed to fill gaps in the overall government program…",Posted10 days ago
20,Data Scientist/Data Analyst,ECS Federal,"$90,000 - $100,000 a year","Washington, DC",,Experience in analyzing data to draw business-relevant conclusions and in data visualization techniques and tools.5 years minimum of relevant experience.,EmployerActive 6 days ago
21,Data Scientist,GEICO,Full-time,"Chevy Chase, MD 20815+1 location",3.3,"Solid understanding and experience with advanced statistics and modern machine learning predictive techniques such as GLMs, decision trees, forests, boosted…",Posted30+ days ago
22,Data Scientist Specialist,"US Office of the Inspector General, USPS","$126,233 - $164,102 a year","Arlington, VA 22209 (North Rosslyn area)",,Our Analytics group is currently seeking an experienced data scientist who will provide expert-level advice in the area of data analytics to include machine…,Posted10 days ago
23,Data Scientist (Remote),Rebellion Defense,Estimated $130K – $164K a year,"Washington, DC•Remote",,"Have an advanced degree in a quantitative field (e.g. computer science, statistics/data science, physics, machine learning or math).",Posted30+ days ago
24,Data Scientist,HiLabs Inc,"From $100,000 a year","Washington, DC•Remote",,HILABS (www.hilabs.com) is a health data analytics company with product offerings to healthcare payers and providers in the United States.,Posted30+ days ago
25,Federal - Data Scientist,Accenture,Full-time,"Arlington, VA+12 locations",4.0,Leading an analytics team responsible for driving data driven solutions utilizing statistical modeling and research to solve complex problems.,Posted30+ days ago
26,Data Scientist,Strider,Full-time,"Washington, DC 20007 (Georgetown area)•Remote work available",5.0,Ability to work alongside a team of engineers and subject matter experts to determine effective and time-efficient solutions.,Posted1 day ago
27,Data Scientist (College),"Customer Value Partners, Inc",Full-time,"Washington, DC",3.8,Collaborate with the project team to perform data analysis and build systems using data for descriptive or predictive analytics.SQL and the use of databases.,Posted18 days ago
28,Data Analytics Support,Deloitte,Full-time,"Rosslyn, VA 22209 (Radnor-Ft Myer Heights area)",4.0,"Our team supports all phases of analytic work product development, from the identification of key business questions through data collection and ETL, and from…",Posted30+ days ago
29,Data Scientist,Great Minds,Full-time,"Washington, DC•Remote",3.5,"The data scientist will work with Sales, Support, Content and Product teams to understand how to better improve our products for customer needs through usage…",Posted18 days ago
30,"Data Scientist, Washington DC",Rhombus Power,,"Washington, DC",,"You will design, develop, and launch efficient and reliable data pipelines to move, analyze, and model data and to provide intuitive analytics from Rhombus'…",PostedToday
31,Data Scientist,The Urban Institute,,"Washington, DC",4.0,"The data scientist will conduct quantitative data analysis and related complex programming tasks, present data insights, participate in reporting research…",Posted20 days ago
32,Data Scientist,Abstract Evolutions,,"Washington, DC 20001 (Shaw area)",5.0,"Experience leading, analyzing, and performing work necessary to support the development and deployment of software systems that leverage emerging technologies…",EmployerActive 2 days ago
33,Data Scientist,Elder Research Inc,,"Arlington, VA 22201 (Colonial Village area)+1 location",,"Trying different predictive modeling approaches to identify the best fit for a given set of business understanding, available data, and project timeline.",Posted13 days ago
34,Jr. Data Scientist (Remote USA),Fidelis Cybersecurity,,"Bethesda, MD 20814 (Bethesda Center area)•Remote",2.9,"Build and update machine learning models.Stay up to date with cutting edge research and development in machine learning, particularly as it applies to…",Posted30+ days ago
35,Data Scientist (Junior),Allen Integrated Solutions,,"Springfield, VA",,"Bachelor's degree or higher in Systems Engineering or in related technical or scientific fields such as engineering, physics, mathematics, operations research,…",Posted30+ days ago
36,Data Scientist - Healthcare Claims Analytics,NORC at the University of Chicago,,"Bethesda, MD•Remote",3.6,"Our expert team includes social scientists that acquire, collect, and analyze data from health care organizations and patients; evaluators; health services…",Posted4 days ago
37,Data Scientist (Remote/US),"International Consulting Associates, Inc.",,"Washington, DC+2 locations•Remote",,"Experience in data mining, machine-learning, statistics, and algorithms.Certificate in business analytics, data mining, or statistical analysis.",EmployerActive 4 days ago
38,Data Scientist,JLL,,"Washington, DC",3.7,Understanding of statistical and machine learning concepts.Working knowledge of mathematical or advanced machine learning concepts.,Posted14 days ago
39,Data Analyst - Clearance Required (Federal Work),Deloitte,,"Falls Church, VA 22041+3 locations",4.0,Will join a team responsible for developing advanced analytics products; applying data visualization and statistical programming tools to enterprise data to…,Posted2 days ago
40,Data Scientist,Amazon.com Services LLC,,"Arlington, VA+22 locations",3.5,"Experience in forecasting time series using traditional time series methods and/or machine learning/deep learning techniques,.",Posted30+ days ago
41,Associate Data Scientist,EAB,,"Washington, DC 20036 (Downtown area)",3.7,"Experience with machine learning, statistics, and the scientific method.Collaborate with data engineers and software engineers to integrate research-driven…",Posted18 days ago
42,"Data Analyst, Junior",Booz Allen Hamilton,,"Arlington, VA+6 locations",3.9,"You’ll provide your customer with a deep understanding of their data, what it all means, and how they can use it.",Posted18 days ago
43,Data Scientist,Super Systems Inc,"$80,000 - $125,000 a year","Washington, DC 20036 (Dupont Circle area)",4.0,"Perform engagement management responsibilities, including performance reviews, task delegation, project scheduling, project financials, quality review, and…",EmployerActive 6 days ago
44,Data Scientist,Sophinea Corporation,,"Arlington, VA",,This role provides the opportunity to leverage experience in multiple facets of data science - from developing data models to delivering visualizations that…,Posted30+ days ago
45,Data Scientist (ALL LEVELS),Noblis,Part-time +1,"Reston, VA 20191 (Hattontown area)+1 location•Remote",4.0,The Data Scientist has familiarity with industry best practices for software/hardware optimization when processing large data sets and offers experience in the…,Posted30+ days ago
46,Early career data scientist / analyst / statistical genetici...,Data Tecnica,Full-time,"Washington, DC",,"This position includes general analysis workflows with standard packages (python3, dash, PLINK, HAIL, etc) with responsibilities ranging from data science and…",Posted12 days ago
47,Data Scientist,Quantifind,Full-time,"Washington, DC+1 location•Remote work available",,"You are a full-stack data scientist, an experienced quantitative thinker who wants to develop further as both a data scientist and an engineer.",Posted30+ days ago
48,Data Scientist,Excella,Full-time,"Arlington, VA 22201 (Clarendon-Courthouse area)",4.4,"Using machine learning and data mining technique to understand the patterns in large volumes of data, identify relationships detect data anomalies, and classify…",Posted4 days ago
49,Data Visualization Analyst,EMI Advisors LLC,"$54,549 - $123,097 a year","Washington, DC 20301",,"You will develop, manage, and update data visualization products and documents.Display interest in public health, health IT, technology innovation, artificial…",EmployerActive 4 days ago
50,Data Scientist Staff,Children's National Hospital,Temporary +1,"Washington, DC 20010 (Catholic University area)",3.8,"The data scientist will utilize a variety of data mining/data analysis methods, using a variety of data tools, building and implementing models, using/creating…",Posted30+ days ago
51,Data Science Fellow,Øptimus Consulting,Full-time,"Alexandria, VA 22314 (Old Town area)+1 location•Remote",,"Must have courses or experience in machine learning, data mining, Bayesian statistics, regression, generalized linear models, experimental design, and/or GIS is…",Posted30+ days ago
52,Data Scientist,ISE Data Systems,,"Reston, VA",,"Data Scientist duties will typically be focused on the customer’s business analytics, metrics collection, and analysis efforts to assist the customer’s…",Posted30+ days ago
53,Data Scientist,United Solutions LLC,"$50,000 - $150,000 a year","Rockville, MD 20850 (Town Center area)",,"The candidate must have strong experience with a variety of machine learning tools including deep learning, NLP, reinforcement learning, image and speech…",Posted30+ days ago
54,Senior Data Scientist,ArthurPaige,"$190,000 - $240,000 a year","Fort Meade, MD",,"Building tools to automate data collection.Correlating similar data to find actionable results.Creating new, experimental frameworks to collect data.",Posted23 days ago
55,"Data Collection Specialist - Amazon Astro, Astro",Amazon.com Services LLC,Full-time,"Arlington, VA+1 location",3.5,"1+ year of experience research, data collection, data analysis, utilizing data to drive process and system improvement, and effect quality assurance.",Posted30+ days ago
56,Junior Data Scientist,Logistics Management Institute,Full-time,"Tysons, VA+3 locations",3.9,"Developing machine learning, data mining, statistical network, natural language processing, text analytics, and graph-based algorithms to analyze massive data…",Posted30+ days ago
57,Data Scientist,Deloitte,Full-time,"Rosslyn, VA 22209 (Radnor-Ft Myer Heights area)+43 locations",4.0,The Data Scientist will join a team responsible for developing advanced analytics products; applying data visualization and statistical programming tools to…,Posted19 days ago
58,Cleared Data Labeling Quality Specialist,Scale AI,From $40 an hour,"Washington, DC 20037 (Downtown area)",4.3,Label machine learning data from customers.Scale is hiring people with appropriate security clearances and training them to become Data Labeling Quality…,EmployerActive 6 days ago
59,Lead Data Scientist - Clearance Required (Federal Work),Deloitte,Full-time,"Falls Church, VA 22041+11 locations",4.0,"Our team supports all phases of analytic work product development, from the identification of key business questions through data collection and ETL, and from…",Posted2 days ago
60,Data Scientist (Remote/US),"International Consulting Associates, Inc.",,"Washington, DC+2 locations•Remote",,"Experience in data mining, machine-learning, statistics, and algorithms.Certificate in business analytics, data mining, or statistical analysis.",EmployerActive 4 days ago
61,Sr. Data Scientist,Insight Global,,"Arlington, VA 22202 (Aurora Highlands area)",3.9,"Experience applying machine learning, statistics and/or data mining techniques to gain insights from data.We welcome your unique experience in machine learning…",PostedToday
62,Data Scientist - Multiple Levels,Red Alpha LLC,,"Annapolis Junction, MD 20701",,"For mid/senior-level data scientists, at least 3 years of experience managing teams.For mid/senior-level data scientists, at least 6 years of experience on…",Posted30+ days ago
63,Data Scientist,"RIVA Solutions, Inc.",,"Washington, DC",3.0,"Develop algorithms, write scripts to develop workflows, build predictive analytics, use automation, apply machine learning, and use the right combination of…",Posted30+ days ago
64,Data Scientist - Remote,ALTA IT Services,,"Falls Church, VA+2 locations•Remote",3.5,"As a Data Scientist, you’re a strategic thinker who can apply data science and machine learning to make well-informed people decisions.",Posted18 days ago
65,Senior Data Scientist,Visa,,"Arlington, VA",3.9,Extract and understand data to form an opinion on how to best help our clients and derive relevant insights.Communicating evidence based insights and conveying…,Posted30+ days ago
66,Data Scientist,BlueLabs,"$75,000 a year","Washington, DC 20005 (Logan Circle area)",,"Collaborate with engineers, data scientists, program managers and external stakeholders to troubleshoot problems and proactively create solutions.",Posted30+ days ago
67,Data Scientist / BI Consultant,IBM,,"Washington, DC 20001 (Swampoodle area)+4 locations",3.9,1+ year of experience working as a data scientist or business intelligence consultant with business intelligence and analytics tools.,Posted10 days ago
68,"Associate, Data Modeler",KPMG,,"Washington, DC 20006 (Dupont Circle area)+3 locations",3.9,"Minimum one year of experience in developing data analytics solutions, data manipulation, ETL, visualizations, machine learning and visualization dashboards.",Posted4 days ago
69,Data Scientist (Junior),Allen Integrated Solutions,,"Springfield, VA",,"Bachelor's degree or higher in Systems Engineering or in related technical or scientific fields such as engineering, physics, mathematics, operations research,…",Posted30+ days ago
70,NLP Data Scientist-PARTIALLY REMOTE!,CSG,$80 - $85 an hour,"Crystal City, VA•Remote work available",,Using machine learning and AI to train the NLP platform on datasets provided by scientists.While the focus of this position will be to develop NLP tools to…,Posted7 days ago
71,Data Scientist (Remote),Improvix Technologies,,"Reston, VA 20190•Remote",,Strong data visualization skills (Tableau preferred).Minimum of 3 years (5-7 years preferred) performing exploratory data analysis to understand the…,Posted30+ days ago
72,Data Scientist,Super Systems Inc,"$80,000 - $125,000 a year","Washington, DC 20036 (Dupont Circle area)",4.0,"Perform engagement management responsibilities, including performance reviews, task delegation, project scheduling, project financials, quality review, and…",EmployerActive 6 days ago
73,Junior Data Scientist - Washington DC ONLY,EY,,"Washington, DC 20005 (Logan Circle area)",4.0,Some experience with data mining and machine learning.Some experience with data mining and machine learning is preferred.,Posted28 days ago
74,Senior Data Scientist,Angi,,"Washington, DC•Remote",3.3,"Deep knowledge of machine learning and data mining algorithms.Performing quantitative analysis, predictive analytics, mathematical modeling and/or machine…",Posted6 days ago
75,Data Scientist,"CORTEK, A DecisionPoint Company",Full-time,"Lorton, VA 22060•Remote work available",4.3,Linking related information from multiple sources (e.g. budget and project data).We allow hybrid remote/on-site schedules based on project need.,PostedJust posted
76,Data Scientist I,National Committee for Quality Assurance,Full-time,"Washington, DC 20005 (Logan Circle area)",3.3,The Data Scientist I will primarily be tasked with conducting data analysis for various NCQA program project and using the analysis to interpret patterns of…,Posted30+ days ago
77,"Data Analyst, Sr",General Dynamics Information Technology,Estimated $80.4K – $102K a year,"Fort Belvoir, VA",3.8,Conducts in-depth knowledge and understanding of data management and data governance support.COVID-19 Vaccination Requirement: To protect the health and safety…,Posted1 day ago
78,Data Scientist,Grant Thornton,Full-time,"Arlington, VA+3 locations",3.7,Experience in developing machine learning models and applying advanced analytics solutions to solve complex business problems.MS Excel and Analytical Skills.,Posted30+ days ago
79,Senior Data Scientist,whiteSpace,Estimated $150K – $190K a year,"Washington, DC•Remote",,Create patterns and practices that will shape our culture of data engineering and data science through out the delivery lifecycle.,Posted15 days ago
80,Data Scientist #0017,Aeyon,Full-time,"Arlington, VA",,"Experience with machine learning, data mining, statistics, and algorithms.The successful candidate will possess knowledge of modeling and statistical…",EmployerActive 13 days ago
81,Data Scientist (Remote),Improvix Technologies,Full-time,"Reston, VA 20190•Remote",,Strong data visualization skills (Tableau preferred).Minimum of 3 years (5-7 years preferred) performing exploratory data analysis to understand the…,Posted30+ days ago
82,Data Scientist*,Fusion Technology LLC,Estimated $74.7K – $94.7K a year,"Washington, DC 20001 (Shaw area)",2.9,Experienced in working with and exploiting big data; distributed computing; predictive modelling; mathematics; statistics; machine learning; storytelling; and…,PostedToday
83,Senior Data Analyst,Children's National Hospital,Temporary +1,"Silver Spring, MD 20904",3.8,"Demonstrates a deep interest in research and data analysis, drawing actionable insights form raw data and information to help further the business’s cause.",Posted22 days ago
84,Junior Data Scientist,"Systems Planning and Analysis, Inc.",Full-time,"Alexandria, VA 22311 (Alexandria West area)",3.8,"Bachelor’s degree in math, physical science, data science, analytics or related STEM field.Experience conducting data analysis and assessment and presenting…",Posted10 days ago
85,Data Scientist,Axiologic Solutions,Estimated $79.6K – $101K a year,"Chantilly, VA",4.4,"Support the analytics team to identify and develop actionable insights through program definition, application of statistical models, and analysis against…",Posted30+ days ago
86,Environmental Data Scientist/Analytics,Abt Associates,Full-time,"Rockville, MD 20852",3.7,"Identify ways to derive novel insights from government data, with particular focus on environmental, health, and socio-economic data.",Posted30+ days ago
87,Data Scientist,Axle Informatics,Full-time,"Rockville, MD 20852+3 locations",3.6,"The scientist will participate in data collection/cleaning, data analysis and manuscript preparation; assist intramural staff, including students and…",Posted13 days ago
88,Data Scientist - Python or R - Machine Learning,Deloitte,Full-time,"Washington, DC+43 locations",4.0,"Our team supports all phases of analytic work product development, from the identification of key business questions through data collection and ETL, and from…",Posted11 days ago
89,Senior Data Analyst,Grant Thornton,Full-time,"Arlington, VA",3.7,Develop Tableau / analytics trainings and facilitate trainings to client stakeholders.Develop analytics communications to be shared across the client division.,Posted30+ days ago
90,Junior data scientist / bioinformatics,Data Tecnica,,"Glen Echo, MD 20812•Remote",,"To do this, we have to develop new scientific approaches to link motor behavior and neural activity.We will perform mouse experiments while collecting high…",Posted30+ days ago
91,Data Scientist,Chickasaw Nation Industries,Full-time,"Washington, DC 20201 (Southwest Federal Center area)",4.0,This position will support a Senior Data Scientist and a team on a variety of task orders that involve large data sets of historic data living on multiple…,EmployerActive 7 days ago
92,"Senior Associate, Data Scientist",KPMG,,"Washington, DC 20006 (Dupont Circle area)+13 locations",3.9,Minimum of two years of experience working in teams of data & analytics professionals to deliver on business-driven analytics projects using natural language…,Posted3 days ago
93,Data Scientist,Areté,Full-time,"Arlington, VA 22202 (Aurora Highlands area)",3.9,Train deep neural network (DNN) and feature-based algorithms for classification and regression on imagery and high-dimensional data.,Posted12 days ago
94,Data Scientist,QVine Corporation,,"Washington, DC",4.4,Experienced in working with and exploiting big data; distributed computing; predictive modelling; mathematics; statistics; machine learning; story-telling; and…,Posted30+ days ago
95,Data Scientist,ProSphere,Full-time,"Washington, DC",3.7,"Build production grade models on large-scale datasets by utilizing sophisticated statistical modeling, machine learning, or data mining techniques.",Posted30+ days ago
96,Environmental Data Scientist/Analytics,Abt Associates,Full-time,"Rockville, MD 20852",3.7,"Identify ways to derive novel insights from government data, with particular focus on environmental, health, and socio-economic data.",Posted30+ days ago
97,Data Scientist,Delaware Nation Industries,"$130,000 - $140,000 a year","Washington, DC 20037 (Foggy Bottom area)•Remote",,"Interpret and present data analytics for media and digital properties from surveys, web analytics software, social media aggregators and associated apps.",Posted30+ days ago
98,Junior Data Scientist,"Systems Planning and Analysis, Inc.",Full-time,"Alexandria, VA 22311 (Alexandria West area)",3.8,"Bachelor’s degree in math, physical science, data science, analytics or related STEM field.Experience conducting data analysis and assessment and presenting…",Posted10 days ago
99,Cleared Data Labeling Quality Specialist,Scale AI,From $40 an hour,"Washington, DC 20037 (Downtown area)",4.3,Label machine learning data from customers.Scale is hiring people with appropriate security clearances and training them to become Data Labeling Quality…,EmployerActive 6 days ago
100,Data Scientist,Zenetex LLC,Full-time,"Suitland, MD",4.0,"Develop statistical algorithms and models, automate data conditioning and data analysis, support machine learning, and generate visualizations for use in…",Posted30+ days ago
101,Data Scientist - AO-21-0003401,Agile Onboarding,Full-time,"Washington, DC",,"Privacy - our company will not ask about your vaccine status, or any other health statuses.It's in our culture to work, when needed, and be available for our…",Posted19 days ago
102,Senior Data Scientist,ArthurPaige,"$190,000 - $240,000 a year","Fort Meade, MD",,"Building tools to automate data collection.Correlating similar data to find actionable results.Creating new, experimental frameworks to collect data.",Posted23 days ago
103,Senior Data Scientist,Clarabridge,,"Reston, VA",3.8,"As a Data Scientist at Clarabridge, you'll collaborate with software engineers and other data scientists to develop customer feedback analytics using NLP and…",Posted30+ days ago
104,Junior Data Scientist,Logistics Management Institute,Full-time,"Tysons, VA+3 locations",3.9,"Developing machine learning, data mining, statistical network, natural language processing, text analytics, and graph-based algorithms to analyze massive data…",Posted30+ days ago
105,Data Analyst / Junior Data Scientist,Insight Policy Research,Full-time,"Arlington, VA 22209 (Radnor-Ft Myer Heights area)",3.3,"Candidates must have expertise in quantitative data cleaning, data mining, and data analysis.This position includes working with other team members to plan and…",Posted30+ days ago
106,Consultant – Data Scientist,AE Strategies,Full-time,"Washington, DC",4.3,Analyze historical data to identify trends and forecast future results.Experience integrating components from multiple data sources.,EmployerActive 5 days ago
107,Telework Data Architect/Scientist,Arcetyp LLC,Full-time,"Washington, DC 20024 (Southwest Waterfront area)•Remote",,Familiarity with data visualization tools.Knowledge of data mining and segmentation techniques.Plan and design the processes for data migration to ensure data…,Posted7 days ago
108,"Strategic Intelligence Analyst / Data Analyst, Washington DC",Rhombus Power,,"Washington, DC",,"Analyze and interpret information, including working with the data team on validation and quality assurance of data, models and results.",Posted16 days ago
109,Data Scientist,NT Concepts,,"Vienna, VA+1 location",3.3,Duties vary according to the specific course and may include experimental frameworks for product development and machine learning with the aim to lay a strong…,Posted30+ days ago
110,"Data Scientist, Global Accounts Receivable, Data Analytics (...",Amazon.com Services LLC,Full-time,"Arlington, VA",3.5,"GARDA’s data scientists and economists further that mission with rigorous statistical, econometric, and ML models to compliment reporting and analysis developed…",Posted30+ days ago
111,DATA SCIENTIST,KACE,Full-time,"Washington, DC",4.2,"The primary focus will be in applying data mining techniques, doing statistical analysis, building high quality prediction systems, and integrate with our…",Posted30+ days ago
112,Defense and Security - Data Scientist,McKinsey & Company,,"Washington, DC",4.3,"You will use math, stats, and machine learning to derive key insights across various topics within defense and security.",Posted30+ days ago
113,DATA SCIENTIST (Remote),Emagine IT,Full-time,"Fairfax, VA 22031•Remote",4.0,"Assist University staff members, scientists, and post-doctoral research associates, provide support to researchers involved in collaborative and…",Posted30+ days ago
114,Data Scientist,FiveBy,Full-time,"Tysons Corner, VA•Remote work available",4.5,Partner with client-side data scientists to enhance and alter machine learning models to meet evolving business needs.Scripting proficiency in Java and C++.,Posted21 days ago
115,Data Scientist II,Planned Systems International,,"Washington, DC",3.9,"Performs scientific research, scientific writing and editing, including the writing and editing of project products to established government standards for the…",Posted30+ days ago
116,Data Scientist,Altamira,Full-time,"Suitland, MD+1 location",,"Develop statistical algorithms and models, automate data conditioning and data analysis, support machine learning, and generate visualizations for use in…",Posted30+ days ago
117,EERC - Junior Data Scientist,Prescient Edge Federal,Full-time,"Washington, DC 20032 (Anacostia area)+6 locations",,"Conducts data analytics, data engineering, data mining, exploratory analysis, predictive analysis, and statistical analysis, and uses scientific techniques to…",Posted30+ days ago
118,Data Scientist - All Levels,"OPS Consulting, LLC",,"Annapolis Junction, MD",4.3,"Relevant experience must be in designing/implementing machine learning, data science, advanced analytical algorithms, programming (skill in at least one high…",Posted30+ days ago
119,Associate Research Analyst (Associate Data Scientist) - Data...,CNA,Full-time,"Arlington, VA 22201 (Clarendon-Courthouse area)•Remote",4.6,"Ability to analyze complex datasets using effective visualizations of data in achieved results; skilled in programming, statistics, machine learning, and data…",Posted30+ days ago
120,Data Scientist,"Tuvli, LLC",,"Washington, DC+1 location",3.5,"Tuvli, an Akima Company, is dedicated to providing our customers with superior, integrated technology and program support services and solutions. Our systems…",Posted28 days ago
121,Data Analyst Sr - Virtual,LOCKHEED MARTIN CORPORATION,,"Bethesda, MD 20817",4.0,"COVID-19 continues to significantly impact our employees, families and communities. With employee health and safety as our top priority, and as a federal…",Posted30+ days ago
122,Senior Data Scientist,Visa,Full-time,"Arlington, VA",3.9,"Company Description As the world's leader in digital payments technology, Visa's mission is to connect the world through the most creative, reliable and…",Posted30+ days ago
123,Telework Data Architect/Scientist,Arcetyp LLC,Full-time,"Washington, DC 20024 (Southwest Waterfront area)•Remote",,"Arcetyp LLC is a growing small business that provides a broad range of consulting services to US Federal Government, US Military, and Commercial clients.…",Posted7 days ago
124,Consultant – Data Scientist,AE Strategies,Full-time,"Washington, DC",4.3,"*About Us* AE Strategies (AES) is a Mclean, VA based consulting firm, founded in 2003. AES has helped federal and commercial clients address HR and IT…",EmployerActive 5 days ago
125,Data Scientist - Secret Cleared,NetImpact Strategies Inc.,Full-time,"Vienna, VA 22182",3.3,Job Description: We have an opportunity for a Data Analyst to join our talented Data Analytics team. The successful candidate will work with customers and…,Posted18 days ago
126,Applied Scientist,"Amazon Data Services, Inc.",Full-time,"Arlington, VA+6 locations",3.5,"· Masters or PhD degree in Operations Research, Engineering, Computer Science, Applied Mathematics or related fields · 1+ years hands-on experience developing…",Posted30+ days ago
127,"Data Scientist, Global Accounts Receivable, Data Analytics (...",Amazon.com Services LLC,Full-time,"Arlington, VA",3.5,"· Bachelor's Degree · 3+ years of experience with data scripting languages (e.g SQL, Python, R etc.) or statistical/mathematical software (e.g. R, SAS, or…",Posted30+ days ago
128,NLP Data Scientist-PARTIALLY REMOTE!,CSG,$80 - $85 an hour,"Crystal City, VA•Remote work available",,6 month contract to hire US Citizens with Active Secret Clearance! Vaccination is a mandatory! Top 3 criteria/must haves for the position? 5+ years of…,Posted7 days ago
129,Deals Tech & Data - Associate,PRICE WATERHOUSE COOPERS,,"Washington, DC",4.0,"A career in Technology and Data Solutions practice, within Deals Transaction Services, provides the opportunity to help organizations realize the potential of…",PostedToday
130,Data Scientist,Bigbear.ai,Full-time,"Washington, DC 20016 (AU-Tenleytown area)+3 locations",4.8,Overview: Bigbear.ai is seeking an experienced Data Scientist to join our team in the Washington D.C. area to support an exciting opportunity with the Army…,Posted10 days ago
131,Data Scientist,Varen Technologies,,"Annapolis Junction, MD 20701+2 locations",4.4,"At Varen, our performance is measured by the success of our clients, and our reputation for service, superior quality, objectivity, integrity and results. Our…",Posted11 days ago
132,Research Engineer/Data Scientist,Technica Corporation,Full-time,"Dulles, VA 20166",3.5,"Overview: *About* *Technica**: * At Technica Corporation, our goal is to provide exceptional professional services and innovative technology solutions that…",EmployerActive 5 days ago
133,Data Scientist,Recruiting From Scratch,,"Chevy Chase, MD 20815+9 locations•Remote",,"Who is Recruiting from Scratch: Recruiting from Scratch is a premier talent firm that focuses on placing the best product managers, software, and hardware…",Posted30+ days ago
134,Intermediate Data Scientist - AI/ML Specialist,Trillion Technology Solutions,Full-time,"Washington, DC•Remote",,"Trillion Technology Solutions is hiring a Data Scientist - AI/ML Specialist to join our research team! Location: Remote, otherwise Reston, VA *Requirements: …",Posted30+ days ago
135,Research Engineer/Data Scientist,Technica Corporation,,"Dulles, VA 20166",3.5,Data-driven analytics; event-driven analytics.Professional experience with customer facing data visualization.1+ years’ experience with Python.,EmployerActive 5 days ago
136,Data Scientist,Recruiting From Scratch,,"Chevy Chase, MD 20815+9 locations•Remote",,"Design and build models across a variety of use cases to deliver insights for internal and external stakeholders.BA/MA, BS/MS, or PhD in a technical field.",Posted30+ days ago
137,Intermediate Data Scientist - AI/ML Specialist,Trillion Technology Solutions,,"Washington, DC•Remote",,A minimum of at least 2-3 years of data analytics-related experience or relevant experience.Having data analysis background in health-related data is a plus.,Posted30+ days ago
138,Data Scientist - Clearance Required,Logistics Management Institute,,"Tysons, VA+12 locations",3.9,"This journeyman data scientist will work as part of a team of data scientists, data engineers, and data analysts to support advanced analytics projects for…",Posted28 days ago
139,Environmental Data Scientist/Analytics,Abt JTA,,"Rockville, MD",,"Identify ways to derive novel insights from government data, with particular focus on environmental, health, and socio-economic data.",Posted30+ days ago
140,Category Intelligence Data Scientist,Verizon,,"Silver Spring, MD 20904",3.9,Experience in applying modeling techniques and methods to data sets to answer business problems.The Category Intelligence Data Scientist will be responsible…,Posted12 days ago
141,Data Scientist: DRGov (Secret),DataRobot,,"Chantilly, VA+1 location",4.0,"An ideal CFDS candidate should have strong fundamentals of applied data science in a business setting, and should enjoy communicating and evangelizing data…",Posted7 days ago
142,Data Scientist,Novetta,,"Herndon, VA+3 locations",3.5,"Implement, configure and test machine learning and deep learning libraries and platforms (e.g. fast.ai, TensorFlow, Keras, XGBoost, LightGBM).",Posted30+ days ago
143,Data Scientist / BI Consultant,IBM,,"Washington, DC 20001 (Swampoodle area)+4 locations",3.9,1+ year of experience working as a data scientist or business intelligence consultant with business intelligence and analytics tools.,Posted10 days ago
144,Senior Research and Data Analyst,Association of American Medical Colleges,,"Washington, DC•Remote",3.8,Develop and maintain quality control checks and project management schedules to ensure that surveys and reports are launched in a sound and timely manner.,PostedToday
145,Data Scientist,HawkEye360,,"Herndon, VA 20170",,"The right candidate must be a creative problem solver who can look beyond the data to see underlying trends and patterns.Collect, process, and transform data.",Posted30+ days ago
146,Senior Data Analyst,Ethics & Compliance Initiative,"$68,000 - $72,000 a year","Vienna, VA 22180•Temporarily Remote",,Prepare data analysis plans and protocols to ensure sound and efficient approaches.Excellent project management and planning skills; ability to manage multiple…,Posted6 days ago
147,Data Scientist,Aptive,,"Washington, DC",3.7,"Hands-on experience developing predictive analytics and/or machine learning based algorithms.Proven working experience as a data scientist, data analyst, or…",Posted6 days ago
148,Data Scientist,Avantus Federal,,"McLean, VA",4.3,"Thorough knowledge of analytic tools and methodologies such as probability and statistics, formal modeling, computational social sciences, computer science,…",Posted30+ days ago
149,Data Analyst/Modeler,Deloitte,,"Rosslyn, VA 22209 (Radnor-Ft Myer Heights area)",4.0,"Our team supports all phases of analytic work product development, from the identification of key business questions through data collection and ETL, and from…",Posted30+ days ago
150,"Data Scientist, Restricted Products",Amazon.com Services LLC,,"Arlington, VA",3.5,"You will also partner with scientists and other engineers to help invent, implement, and connect sophisticated algorithms to our cloud-based engines.",Posted30+ days ago
151,Data Scientist - Nationwide Opportunities,"Amazon Web Services, Inc.",,"Washington, DC+1 location",3.5,Experience in an ML engineer or data scientist role building and deploying ML models or hands on experience developing deep learning models.,Posted30+ days ago
152,Data Scientist,"Bespoke Technologies, Inc.",,"McLean, VA",,"Bespoke Technologies, Inc. is looking for a Data Scientist who will develop and manage data science programs and systems for data aggregation, data analytics,…",Posted30+ days ago
153,"Specialist, Federal Data Scientist",KPMG,,"Washington, DC 20006 (Dupont Circle area)+7 locations",3.9,"Analyze structured and unstructured data, understand and implement algorithms, and support analysis using advanced statistical and mathematical methods form…",Posted30+ days ago
154,Information Collection Coordinator Support/Statistician,National Older Worker Career Center,"$95,680 a year","Washington, DC•Remote",,Wage/Hr: $46.00 Hours/Week: 24 Minimum Age: 55.This position reviews and approves Information collection request packages before they are forwarded on…,Posted30+ days ago
155,Data Science Training,Counter Threat Solutions,,"McLean, VA 22108+3 locations",5.0,"Provide foundational, advanced, and cutting-edge Commercial off the Shelf (COTS) and custom-built courses for data science, data analytics, Al/ ML, data…",Posted30+ days ago
156,DATA SCIENTIST,KACE,,"Washington, DC",4.2,"The primary focus will be in applying data mining techniques, doing statistical analysis, building high quality prediction systems, and integrate with our…",Posted30+ days ago
157,Sr. Data Analyst,Fannie Mae,,"Reston, VA+1 location",4.0,Experience in the process of analyzing data to identify trends or relationships to inform conclusions about the data.,Posted26 days ago
158,"Strategic Intelligence Analyst / Data Analyst, Washington DC",Rhombus Power,,"Washington, DC",,"Analyze and interpret information, including working with the data team on validation and quality assurance of data, models and results.",Posted16 days ago
159,Data Scientist - Remote Opportunity,Gravy Analytics,,"Sterling, VA 20166•Remote",,"You will know SQL like the back of your hand, and you will have work experience with data visualization tools, statistical analysis or modeling including…",PostedToday
160,Test & Evaluation Data Scientist,Noetic Strategies Inc.,,"Alexandria, VA 22303",4.0,"Experience working with Interdisciplinary teams of scientists and engineers.Bachelor’s/Master’s degree or 5+ years of relevant experience (required), PhD …",Posted14 days ago
161,Data Scientist - AO-21-0003401,Agile Onboarding,,"Washington, DC",,"Agile Onboarding is a Software as a Service (Saas) tool, which provides Applicant Tracking, Onboarding and HR services to its clients.",Posted19 days ago
162,Data Analyst I - Data Science Division,CNA,,"Arlington, VA 22201 (Clarendon-Courthouse area)+1 location",4.6,"Ability to analyze complex datasets using effective visualizations of data in achieved results; skilled in programming, statistics, machine learning, and data…",Posted30+ days ago
163,Data Scientist,University of Maryland,,"College Park, MD 20742+1 location",4.1,"Candidates must have at least 5 years of experience using Python for data analysis, machine learning, data wrangling and/or AI.",Posted30+ days ago
164,Data Scientist - ProServe,"Amazon Web Services, Inc.",,"Arlington, VA+1 location",3.5,Experience in an ML engineer or data scientist role building and deploying ML models or hands on experience developing deep learning models.,Posted30+ days ago
165,"Senior Data Scientist, Infra Supply Chain Automation","Amazon Data Services, Inc.",Full-time,"Arlington, VA+15 locations",3.5,"2+ years of experience as Tech Lead among data scientists.In this role, you will apply advanced analysis technique and statistical concepts to draw insights…",PostedToday
166,"Associate, Data Modeler",KPMG,,"Washington, DC 20006 (Dupont Circle area)+3 locations",3.9,"Minimum one year of experience in developing data analytics solutions, data manipulation, ETL, visualizations, machine learning and visualization dashboards.",Posted4 days ago
167,Statistician - Medicare,Peraton,"Up to $150,134 a year","Chantilly, VA+1 location•Remote",3.2,"Excellent computer skills, including SAS or equivalent, Access, Excel, Business Objects or equivalent, data mining tools.",Posted30+ days ago
168,Data Science Scientist,Innovent Biologics,Full-time,"Rockville, MD 20850",5.0,"This person will support the implementation of bioinformatics algorithms to analyze, manage, interpret, visualize, and illustrate original scientific data.",EmployerActive 5 days ago
169,Data Scientist In Conservation - 21069,World Wildlife Fund,,"Washington, DC 20037 (West End area)",4.3,Co-develop data collection and utilization methodologies with WWF scientists and program managers.The Data Scientist in Conservation will be a data scientist…,Posted30+ days ago
170,"Sr. Data Scientist, Audience Science",Gannett,Full-time,"McLean, VA 22102+1 location•Remote",3.0,"Our ideal candidate is a collaborative and innovative problem solver, who is profoundly hands-on and is passionate about applying state-of-the-art solution…",Posted3 days ago
171,Data Scientist II,Planned Systems International,,"Washington, DC",3.9,"Performs scientific research, scientific writing and editing, including the writing and editing of project products to established government standards for the…",Posted30+ days ago
172,Data Analytics Specialist,CACI,Full-time,"Alexandria, VA 22312",3.8,"5-10 years of professional and/or academic experience working on complex data challenges in the areas of data architecture and engineering, data science, data…",Posted11 days ago
173,Sr Data Scientist,Twinn Intelligence Group,,"Herndon, VA",5.0,"Experience using applicable libraries and packages for data transformations, statistical analysis, visualization, and machine learning.",Posted30+ days ago
174,Consultant - Data Scientist,AE Stategies,,"Washington, DC",,Analyze historical data to identify trends and forecast future results.Experience integrating components from multiple data sources.,Posted30+ days ago
175,Senior Data Scientist,VSolvit LLC,Full-time,"Merrifield, VA 22082",3.4,"Create insights from existing DEA data, and drive the collection of new data and ways to address new data.Your primary focus will be in applying data mining…",Posted30+ days ago
176,Data Architect,Red Cedar Consultancy LLC,Full-time,"McLean, VA 22102",,"Candidate will have demonstrated capability in providing information and data architectural support services across solution architecture, segment architecture,…",Posted30+ days ago
177,Diversity and Inclusion Workforce Data Scientist,CIDIS,,"Washington, DC",,"Display analytic results in text and visually using appropriate data science, business intelligence, and visualization tools (SQL, Tableau, Microsoft Office).",Posted30+ days ago
178,Senior Data Analyst,TAA Solutions LLC,Full-time +1,"Washington, DC",,Support business data stewards and Project team in maintaining accurate data asset metadata.Technical consulting on data composition and data engineering for…,Posted30+ days ago
179,Data Scientist,ICF,Full-time,"Washington, DC 20006 (Downtown area)+1 location",3.4,Experience with data warehouse design and development as well as data modeling for both relational and dimensional data models.US Citizenship or Green Card.,Posted30+ days ago
180,Natural Language Processing Research Scientist,BlueHalo,,"Rockville, MD 20855+2 locations•Remote work available",4.3,"Work with data scientists, ML engineers, software developers to deploy your NLP applications and models in BlueHalo products.",PostedToday
181,Data Scientist,Analytica,Full-time,"Washington, DC 20001 (Shaw area)",3.6,"Ideal candidates should be able to apply machine learning (ML) supervised and unsupervised learning, regression, neural networks and deep learning, natural…",Posted10 days ago
182,Data Scientist,Breakforth Solutions Inc,,"McLean, VA 22102",,Experience creating machine learning models using machine learning or deep learning frameworks.The Data Scientist will use enterprise tools to work with…,Posted28 days ago
183,Data Scientist,QVine Corporation,,"Washington, DC",4.4,Experienced in working with and exploiting big data; distributed computing; predictive modelling; mathematics; statistics; machine learning; story-telling; and…,Posted30+ days ago
184,Data Scientist,ProSphere,Full-time,"Washington, DC",3.7,"Build production grade models on large-scale datasets by utilizing sophisticated statistical modeling, machine learning, or data mining techniques.",Posted30+ days ago
185,Data Scientist,DigitCompass,"$90,000 - $150,000 a year","Washington, DC",,"Shall have a minimum of a Master’s degree in computer science, statistics, or applied mathematics, and demonstrated experience of four (4) years in creating…",Posted30+ days ago
186,"(Senior Data Analyst )//McLean,VA//Hybrid//Full time",Xiartech inc,"$140,000 - $150,000 a year","McLean, VA 22102",,"Design, code and maintain consistent economic capital models that can be applied to the financial instruments currently managed by I&CM.",Posted3 days ago
187,"Data Scientist, Monetization",The Knot Worldwide,Full-time,"Washington, DC",3.5,"Proficiency in key statistical and machine learning techniques (predictive modeling, classification, clustering, text analytics, recommender systems , data…",Posted30+ days ago
188,Senior Data Scientist,NT Concepts,,"Chantilly, VA",3.3,"Driving decision-making with data-driven models.This position requires an advanced level of experience, a passion for exploring and pushing the boundaries on…",Posted30+ days ago
189,"Financial Crimes, Data Scientist - Exp Assoc (Financial Serv...",PRICE WATERHOUSE COOPERS,,"Washington, DC+3 locations",4.0,"Applying statistical modelling, algorithms, data mining and machine learning algorithms problem solving;You’ll make impactful decisions by mixing mind and…",Posted14 days ago
190,DATA SCIENTIST,NR Consulting LLC,Full-time,"Washington, DC",,"Minimum of 3 years prior experience working in teams of data science, data analytics professionals to deliver on business-driven analytics projects using…",Posted30+ days ago
191,"Junior Data Scientist, Analytics","CGI Group, Inc.",Full-time,"Arlington, VA 22201 (Bluemont area)",3.6,"Apply data and technical expertise in analysis, data mining and visualization of data using Business Intelligence tools and data development platforms.",Posted30+ days ago
192,Data Scientist,Cypher Intelligence,Full-time,"Chantilly, VA+2 locations",,"O Computer programming (e.g. programming languages, math/statistics packages, computer science, machine learning, scientific computing).",Posted30+ days ago
193,Data Scientist,Analytic Solutions Group,Full-time,"McLean, VA",,"Experience with machine learning techniques, especially as applied to text analytics and natural language processing.Advanced degree in a quantitative field.",Posted4 days ago
194,Data Science Project Manager,General Dynamics Information Technology,,"Washington, DC 20003 (Navy Yard area)",3.8,"The candidate will work with the customer, other project managers, consultants, programmers, data scientists, and analysts to manage data requirements and see…",Posted20 days ago
195,Data Scientist,Aces Incorporated,,"Annapolis Junction, MD 20701",,"Founded in 2010, BrainTrust is an ever-growing and evolving company, with focus areas of Software Engineering (Machine Learning, Cloud Computing, HPC, Data…",Posted6 days ago
196,REMOTE Data Scientist,Ricoh,"$100,000 - $130,000 a year","Washington, DC•Remote",3.4,"Experience with machine learning, data cleansing and data visualization.Work experience: 3-5 years work experience in data science, statistics, analytics,…",Posted30+ days ago
197,Image Data Scientist,QinetiQ,,"Lorton, VA",3.7,Perform Radar data processing as an expert aiding and leading a team of data scientists to apply machine learning techniques to Radar imagery.,Posted12 days ago
198,Federal - Machine Learning Engineer,Accenture,,"Arlington, VA",4.0,"Collaborate with business SMEs, architects, data engineers, developers, and data scientists to identify innovative machine learning solutions that leverage data…",Posted30+ days ago
199,"Data Analyst / Senior Data Analyst – Impact Analytics, Remot...",Aledade,,"Bethesda, MD•Remote",3.5,"Experience with health care data sources such as claims, electronic health record, event notification, clinical, and patient reported data.",Posted30+ days ago
200,Senior Data Analyst,Mid-Atlantic Permanente Medical Group PC,,"Rockville, MD 20852+2 locations",4.1,Ability to express complex analytical and technical information to senior management or to audiences with clinical training.,Posted4 days ago
201,Chief Data Scientist,Espire,"$155,000 - $195,000 a year","Tysons Corner, VA",5.0,"In addition, this position supervises a small team of data scientists to use the best tools for machine learning, deep learning and NLP projects.",Posted30+ days ago
202,Data Science Team Lead,Fraym,"$100,000 - $130,000 a year","Arlington, VA 22201 (Lyon Village area)",,"Managing a small, talented team of ML engineers and data scientists who are responsible for creating and deploying new methods to meet existing client needs.",EmployerActive 5 days ago
203,Mid Level - Data Scientist,Parsons,,"Washington, DC",3.9,Parsons seeks to hire a Data Scientist to use statistical techniques to analyze and extract relevant information from large amounts of data.,Posted30+ days ago
204,Data Scientist,Pivotal Software,,"Washington, DC•Remote",4.0,2+ years of work in a data-centric field (data science or data engineering).Advanced knowledge of statistical modeling and/or machine learning methods.,Posted30+ days ago
205,"Technical Advisor, Data Science","Palladium Group, Inc.",,"Washington, DC+1 location",,Plan and implement data science projects within our existing public health portfolio in collaboration with senior data scientists.,Posted30+ days ago
206,Data Scientist - Junior TO 4 # 4 (TS/SCI),Shine Systems,,"Springfield, VA 22150",3.6,"Support OSO by providing the capability to capture enterprise data assets from multiple systems and build robust solutions backed by data analytics, dynamic…",Posted7 days ago
207,Principal Data Scientist,EDB,,"Washington, DC•Remote",,We are looking for innovative data scientists who can help direct product development & identify new opportunities to delight our customers.,Posted4 days ago
208,Senior Healthcare Data Analyst,CareJourney,,"Arlington, VA",,"Create data mining architectures/models/protocols, statistical reporting, and data analysis methodologies to identify trends and derive insights from large data…",EmployerActive 18 days ago
209,Data Analyst -Senior,"Yorktown Systems Group, Inc.",,"Washington, DC 22202 (Aurora Highlands area)+2 locations",4.0,"6+ years? experience working on projects within a healthcare clinical or operational environment focusing on business and clinical process modeling, and data…",Posted30+ days ago
210,"DATA SCIENTIST, Active U.S. Secret Security Clearance Requir...",FWDthink LLC,Full-time,"Washington, DC",,We are looking for a Data Scientist that will help us discover the information hidden in vast amounts of data and build data products to extract valuable…,Posted30+ days ago
211,Manager - Data Science,Tredence,Full-time,"Washington, DC",,"Work with team to define business requirements, come up with analytical solution and deliver the solution with specific focus on Big Picture to drive robustness…",Posted30+ days ago
212,Data Scientist,Exponent,Estimated $97.2K – $123K a year,"Bowie, MD",4.0,"Experience or capabilities in such subject areas as statistical data mining, analysis of reliability and life data, experimental design, or quality control…",Posted30+ days ago
213,DATA SCIENTIST,FI Consulting,Estimated $119K – $151K a year,"Arlington, VA 22209 (North Rosslyn area)",4.0,"Ability to converge graph database capabilities with data mining, machine learning, natural language processing (NLP), visualization and other graph user…",Posted30+ days ago
214,Senior Data Analyst,Change Healthcare,Full-time,"Washington, DC",3.0,"The ideal candidate for this role has a propensity for data mining, project management, and can draw insights from analytics to improve and develop measurable…",Posted30+ days ago
215,Senior Data Analyst,Children's National Hospital,Temporary +1,"Silver Spring, MD 20904",3.8,"Demonstrates a deep interest in research and data analysis, drawing actionable insights form raw data and information to help further the business’s cause.",Posted22 days ago
216,Senior Data Analyst,USmax Corporation,Full-time,"Washington, DC",4.5,"5 years of experience relevant to data analytics and business intelligence.Collect business intelligence data from available industry reports, public…",Posted30+ days ago
217,Senior Data Analyst,CACI,Full-time,"Washington, DC 20005 (Logan Circle area)",3.8,"Industry analytics/business intelligence knowledge including current industry trends, challenges, and data quality approaches.",Posted30+ days ago
218,Data Analyst I - Data Science Division,CNA,Estimated $51.6K – $65.4K a year,"Arlington, VA 22201 (Clarendon-Courthouse area)+1 location",4.6,"Ability to analyze complex datasets using effective visualizations of data in achieved results; skilled in programming, statistics, machine learning, and data…",Posted30+ days ago
219,Data Science Associate,EMC Research,$25 - $30 an hour,"Washington, DC 20036 (Downtown area)",4.8,"Strong data visualization, data wrangling, and/or data mining skills using R.Experience building, validating, and applying machine learning methods to real…",Posted30+ days ago
220,Data Scientist/Machine Learning Engineer,Amida Technology Solutions,Full-time,"Washington, DC 20006 (Downtown area)•Temporarily Remote",,At least 5 years in data science applying predictive analytics as well as machine learning and/or deep learning methodologies.,Posted30+ days ago
221,"Technical Advisor, Data Science","Palladium Group, Inc.",Estimated $80.2K – $102K a year,"Washington, DC+1 location",,Plan and implement data science projects within our existing public health portfolio in collaboration with senior data scientists.,Posted30+ days ago
222,Data Architect,Booz Allen Hamilton,Estimated $136K – $173K a year,"Arlington, VA+1 location",3.9,"Experience with managing classified data and sensitive data.5+ years of experience with data architecture, data warehousing, and data governance in the federal…",Posted30+ days ago
223,Data Engineer,Alldus,Estimated $119K – $151K a year,"Washington, DC•Remote",,"The successful applicant will join a high-performing team of Data scientists, engineers, developers, and product managers to create new data models for their…",Posted30+ days ago
224,Senior Data Analyst,HALVIK,Full-time,"Arlington, VA",,"Extract data from Army systems and provide analysis of data and formulating displays of data.This also includes the capability to pivot data, use basic…",Posted30+ days ago
225,Mid Level - Data Scientist,Parsons,Estimated $97.3K – $123K a year,"Washington, DC+2 locations",3.9,Parsons seeks to hire a Data Scientist to use statistical techniques to analyze and extract relevant information from large amounts of data.,Posted30+ days ago
226,Data Scientist,Pivotal Software,Estimated $86.6K – $110K a year,"Washington, DC•Remote",4.0,2+ years of work in a data-centric field (data science or data engineering).Advanced knowledge of statistical modeling and/or machine learning methods.,Posted30+ days ago
227,"Technical Advisor, Data Science","Palladium Group, Inc.",Estimated $80.2K – $102K a year,"Washington, DC",,Plan and implement data science projects within our existing public health portfolio in collaboration with senior data scientists.,Posted30+ days ago
228,Data Scientist - Junior TO 4 # 4 (TS/SCI),Shine Systems,Estimated $120K – $152K a year,"Springfield, VA 22150",3.6,"Support OSO by providing the capability to capture enterprise data assets from multiple systems and build robust solutions backed by data analytics, dynamic…",Posted7 days ago
229,"Sr. Data Scientist, WW CSPXT",Amazon.com Services LLC,"$120,900 - $160,000 a year","Arlington, VA",3.5,"Use machine learning to help identify additional insights, trends, and forecasts.5+ years experience in a data science role and applying scientific principals…",Posted30+ days ago
230,Principal Data Scientist,EDB,Estimated $151K – $191K a year,"Washington, DC•Remote",,We are looking for innovative data scientists who can help direct product development & identify new opportunities to delight our customers.,Posted4 days ago
231,Senior Healthcare Data Analyst,CareJourney,Full-time,"Arlington, VA",,"Create data mining architectures/models/protocols, statistical reporting, and data analysis methodologies to identify trends and derive insights from large data…",EmployerActive 18 days ago
232,Data Analyst -Senior,"Yorktown Systems Group, Inc.",Full-time,"Washington, DC 22202 (Aurora Highlands area)+2 locations",4.0,"6+ years? experience working on projects within a healthcare clinical or operational environment focusing on business and clinical process modeling, and data…",Posted30+ days ago
233,Data Analyst,Noblis,Part-time +1,"Reston, VA 20191 (Hattontown area)",4.0,"Work with various teams to identify, manage, research, develop, and present data analytics projects.Design, create, evaluate, and maintain solutions using your…",Posted14 days ago
234,Data Scientist,Cognitio,Full-time,"Reston, VA",,Manages scheduling to ensure SLAs and project deliveries are met.Candidate must have a Bachelors with 12-15 years of prior relevant experience or Masters with…,Posted30+ days ago
235,Data Scientist,"OPSPro, LLC",Full-time,"Germantown, MD 20874",4.7,"Experience performing data analysis of large datasets, using analytics tools (e.g. Numpy, Pandas, R, SQL), and preparing visualizations to explore technical and…",Posted30+ days ago
236,Data Scientist (All Levels),Apogee Integration LLC,Full-time,"Chantilly, VA 20151+2 locations",4.5,3 to 5 years work experience in Data Science/Data Analysis/Data Visualization/Statistics.Security Clearance: Active TS/SCI with CI Polygraph required.,Posted30+ days ago
237,Data Scientist - 90304127 - Washington,Amtrak,Estimated $90.6K – $115K a year,"Washington, DC 20002 (NoMa area)",3.7,"Builds advanced analytics models for the generation of insights, and identification of opportunities to innovatively use available data to discover signals,…",Posted28 days ago
238,Data Scientist (TS/SCI/FS),Excel Technologies,Full-time,"Herndon, VA 20170",3.8,Demonstrated experience in computer vision and object detection or feature extraction through supervised machine learning.Develop and maintain multiple models.,Posted30+ days ago
239,Data Scientist (5+ yrs of exp),Gunnison Consulting Group Inc,Full-time,"Washington, DC 20549•Temporarily Remote",,"Identifies relevant data sources for business needs.User functions, including search, graph analysis, graph visualization, Business Intelligence (BI) and…",Posted30+ days ago
240,Data Scientist,CREF,Full-time,"Washington, DC",,"3+ years of relevant experience and strong knowledge in at least one of the following fields: statistics, data mining, machine learning, natural language…",Posted30+ days ago
241,"Senior Associate, Federal Data Analyst",KPMG,,"Washington, DC 20006 (Dupont Circle area)+1 location",3.9,"Perform functions including: data collection, data cleansing, data modeling, project testing, and creation of performance measurements to support project…",Posted30+ days ago
242,"Specialist, Federal Data Engineer",KPMG,,"Washington, DC 20006 (Dupont Circle area)+1 location",3.9,"Minimum one year of experience in developing data analytics solutions, data manipulation, data mining, data analysis and data management.",Posted30+ days ago
243,Sr. Data Analyst,Hyertek,"$90,000 - $125,000 a year","Bethesda, MD",,"Manage large publicly available datasets in one or more data environment including applying for data access, identifying storage needs for data, downloading…",Posted2 days ago
244,DATA SCIENTIST,NR Consulting LLC,Full-time,"Washington, DC",,"Minimum of 3 years prior experience working in teams of data science, data analytics professionals to deliver on business-driven analytics projects using…",Posted30+ days ago
245,Sr. Fraud Data Analyst - Public Safety,Risk Solutions,Full-time,"Washington, DC 20036 (Downtown area)+1 location",3.7,Looks for and identify key crime trends in data analyzed.Proactively identify issues in data that need to be fixed.4+ years’ experience in Law Enforcement.,Posted30+ days ago
246,Senior Data Scientist,GEICO,Full-time,"Chevy Chase, MD 20815+2 locations",3.3,"Deep understanding and experience with advanced statistics and modern machine learning predictive techniques, including GLMs, decision trees, forests, boosted…",Posted30+ days ago
247,Senior Data Scientist,"American Nurses Association, Inc",Full-time,"Silver Spring, MD",2.7,"Conduct ongoing analysis of data systems, review data management plans, revisions, and specifications and provide feedback.",Posted20 days ago
248,Senior Data Analyst,TAA Solutions LLC,Full-time +1,"Washington, DC",,Support business data stewards and Project team in maintaining accurate data asset metadata.Technical consulting on data composition and data engineering for…,Posted30+ days ago
249,Research Data Scientist,Ntrepid Corporation,Full-time,"Herndon, VA 20170",5.0,"You will work with research scientists and production engineers to develop Machine Intelligence based software along with methodologies, systems, and tools that…",Posted30+ days ago
250,Data Scientist,Boulevard Consulting Group,Full-time,"Arlington, VA 22202 (Aurora Highlands area)",,"Strong knowledge of programming languages, with a focus on machine learning and advanced analytics (such as Python and R).MA or MS degree in a technical field.",Posted30+ days ago
251,Senior Data Scientist,VSolvit LLC,Full-time,"Merrifield, VA 22082",3.4,"Create insights from existing DEA data, and drive the collection of new data and ways to address new data.Your primary focus will be in applying data mining…",Posted30+ days ago
252,Data Analyst,iCatalyst,Full-time,"Washington, DC•Remote",,"Machine learning, data wrangling, and data visualization skills.Develop and implement databases, data collection systems, data analytics and other strategies…",Posted30+ days ago
253,Data Scientist- Secret - DC Metro - Multiple openings,Veratech Services,Full-time,"Arlington, VA",,Contribute to the design and development of visualizations and other decision products tailored to the advanced analytics and the client's decision problem;…,Posted30+ days ago
254,Data Scientist (TS/SCI w/POLY REQUIRED),"Eleccion, LLC",Full-time,"McLean, VA",,"Experience with machine learning, algorithm analysis, and data clustering.Statistical techniques for analyzing data and visualization techniques for…",Posted30+ days ago
255,Data Scientist - Senior,Valiant Integrated Services,,"McLean, VA 22101+2 locations",3.4,"Valiant is Seeking Senior Data Scientists to support a fast paced, innovative project supporting our client in the field of data science.",Posted30+ days ago
256,Senior Healthcare Data Analyst,CareJourney,,"Arlington, VA",,"Create data mining architectures/models/protocols, statistical reporting, and data analysis methodologies to identify trends and derive insights from large data…",EmployerActive 18 days ago
257,Business Analyst/Data Scientist,Coverent,,"McLean, VA+4 locations",4.7,"Certification in, or at least 1 year of applied experience with, R or Python for data science.Experience delivering briefings to stakeholders throughout…",Posted30+ days ago
258,REMOTE Data Scientist,Ricoh,"$100,000 - $130,000 a year","Washington, DC•Remote",3.4,"Experience with machine learning, data cleansing and data visualization.Work experience: 3-5 years work experience in data science, statistics, analytics,…",Posted30+ days ago
259,Data Scientist,ITR,,"Washington, DC",3.7,"Drive operational efficiency by maintaining their data ecosystems, sourcing analytics expertise and providing As-a-Service offerings for continuous insights and…",Posted30+ days ago
260,Senior Data Scientist HSEP5,Avantus Federal,,"Washington, DC 20032 (Anacostia Naval Station - Boiling Air Force Base area)",4.3,"The Senior Data Scientist will be leading a team to develop and deploy machine learning/applications solutions, implement best practices, and contribute to…",Posted30+ days ago
261,Senior Data Scientist - Speech Analytics,GEICO,,"Chevy Chase, MD 20815+2 locations",3.3,"Deep understanding and experience with advanced statistics and modern machine learning predictive techniques, including GLMs, decision trees, forests, boosted…",Posted30+ days ago
262,Research Engineer/Data Scientist,Technica Corporation,,"Dulles, VA 20166",3.5,Data-driven analytics; event-driven analytics.Professional experience with customer facing data visualization.1+ years’ experience with Python.,EmployerActive 5 days ago
263,Data Scientist II,DigiFlight,,"Fort Meade, MD 20755",3.9,"A data scientist will develop machine learning, data mining, statistical and graph-based algorithms to analyze and make sense of datasets; prototype or consider…",Posted6 days ago
264,Senior Research Scientist - NLP,Adobe,,"College Park, MD",4.3,"PhD in Computer Science, Electrical Engineering or relevant majors with research specialization in artificial intelligence, machine learning, natural language…",Posted30+ days ago
265,"Data Scientist/Cost Analyst, Intermediate","Naval Systems, Inc.",,"Washington, DC",4.1,"Skills: Microsoft Office: Strong data science skills including data analysis and mathematical modeling in Excel, SQL, R, and/ or Python and data visualization…",Posted30+ days ago
266,Entry Level Data Science and Analytics Engineer,EchoStar,,"Germantown, MD",3.2,"Apply the knowledge in statistics, AI/ML ,coding and development, cloud-based analytics platform to create a integrated data analytics platform for complex…",Posted14 days ago
267,Senior Data Analyst - Part-time,Corner Alliance,,"Washington, DC 20036 (Downtown area)•Temporarily Remote",3.9,"Corner Alliance offers a comprehensive and competitive benefits package for full time employees including 401k matching (4%), PTO (3 weeks to start, 4 weeks (2…",Posted19 days ago
268,"Sr. Data Scientist, Audience Science",Gannett,,"Washington, DC+1 location•Remote",3.0,"Our ideal candidate is a collaborative and innovative problem solver, who is profoundly hands-on and is passionate about applying state-of-the-art solution…",Posted3 days ago
269,"Senior Data Scientist (Remote) - Washington, DC area ONLY",Fidelity Investments,,"Washington, DC 20002 (Capitol Hill area)•Remote",4.0,"Strong Python and SQL programming skills with demonstrated proficiency in data extraction, data engineering, data analysis, machine learning, data modeling and…",Posted11 days ago
270,"Senior Data Scientist (Remote) - Washington, DC area ONLY",Fidelity Investments,Estimated $130K – $165K a year,"Washington, DC 20002 (Capitol Hill area)•Remote",4.0,"Strong Python and SQL programming skills with demonstrated proficiency in data extraction, data engineering, data analysis, machine learning, data modeling and…",Posted11 days ago
271,Senior Research Specialist- Aviation Operational Data Analys...,CNA,Estimated $42.2K – $53.4K a year,"Washington, DC 20024 (Southwest Waterfront area)+1 location",4.6,Maintain awareness of major communication between the project team and client/sponsor POC for any project for any project for which they are involved.,Posted30+ days ago
272,Data Scientist,ManTech International Corporation,Estimated $112K – $141K a year,"McLean, VA",3.9,"Computer programming (e.g. programming languages, math/statistics packages, computer science, machine learning, scientific computing).",Posted30+ days ago
273,Senior Data Scientist,ECS Federal LLC,Estimated $86.9K – $110K a year,"Washington, DC+1 location",3.4,"Supervises, manage, and review work duties of lower-level scientists.Experienced in working with and exploiting big data; distributed computing; predictive…",Posted12 days ago
274,Intermediate Data Scientist - AI/ML Specialist,Trillion Technology Solutions,Estimated $72.4K – $91.6K a year,"Washington, DC•Remote",,A minimum of at least 2-3 years of data analytics-related experience or relevant experience.Having data analysis background in health-related data is a plus.,Posted30+ days ago
275,Data Scientist,Emprata,Estimated $105K – $133K a year,"Washington, DC",,"Experience in data analytics (data mining, predictive analytics, statistics, mathematical modeling/optimization), data processing, and data visualization.",Posted30+ days ago
276,"Corporate Responsibility, JPMC Institute - Sr. Data Scientis...","JPMorgan Chase Bank, N.A.",,"Washington, DC",3.9,"Experience working with big data sets (greater 100,000 observations) and big data techniques (e.g. machine learning).",Posted5 days ago
277,SR DATA SCIENTIST-DATA ANALYTICS,PPD,Estimated $121K – $153K a year,"Bethesda, MD",3.5,"Navigates large, complex datasets for data mining, profiling, and curation, and natural language processing (NLP), as well as identifies related data that is…",Posted30+ days ago
278,Data Scientist (2021-0324),Acclaim Technical Services,Estimated $124K – $157K a year,"Annapolis Junction, MD 20701+1 location",4.4,The Data Scientist will lead a team of data scientists in the development of multiple analytic efforts; work with customers and Subject Matter Experts (SMEs) to…,Posted30+ days ago
279,"Senior Data Analyst, Business Analytics",Privia Health,Estimated $83.3K – $105K a year,"Washington, DC•Remote",2.7,"The Senior Data Analyst, Business Analytics is a key contributor and subject matter expert on our Analytics team enabling our clients to make better data-driven…",Posted5 days ago
280,REMOTE - Chief Data Scientist,Melkotech,Estimated $77.2K – $97.8K a year,"Washington, DC•Remote",,"Identify opportunities to apply innovative machine learning, natural language processing, reasoning systems, and other tools and techniques to automate data…",Posted30+ days ago
281,Senior Data Analyst,Mid-Atlantic Permanente Medical Group PC,Estimated $81.1K – $103K a year,"Rockville, MD 20852+2 locations",4.1,Ability to express complex analytical and technical information to senior management or to audiences with clinical training.,Posted4 days ago
282,"Statistician, GS-1530-13, DE, (Open Continuous)",US Office for Civil Rights,"$103,690 - $134,798 a year","Washington, DC 20202 (Southwest Federal Center area)",,Handles the most complex aspects of applying the principles and theories of statistical analytics and OCR-related legal requirements to determining compliance…,Posted30+ days ago
283,Data Scientist: DRGov (Secret),DataRobot,Estimated $107K – $135K a year,"Chantilly, VA+1 location",4.0,"An ideal CFDS candidate should have strong fundamentals of applied data science in a business setting, and should enjoy communicating and evangelizing data…",Posted7 days ago
284,Data Analyst II (Data Science/ML),Cvent,Estimated $70.2K – $88.8K a year,"McLean, VA 22102+1 location•Remote",3.6,"You must be highly collaborative and used to taking initiatives: you will work with data scientists, software developers and product managers on a daily basis.",Posted14 days ago
285,Intermediate Data Scientist - AI/ML Specialist,Trillion Technology Solutions,Full-time,"Washington, DC•Remote",,A minimum of at least 2-3 years of data analytics-related experience or relevant experience.Having data analysis background in health-related data is a plus.,Posted30+ days ago
286,Data Scientist,Emprata,Estimated $105K – $133K a year,"Washington, DC",,"Experience in data analytics (data mining, predictive analytics, statistics, mathematical modeling/optimization), data processing, and data visualization.",Posted30+ days ago
287,"Corporate Responsibility, JPMC Institute - Sr. Data Scientis...","JPMorgan Chase Bank, N.A.",Full-time,"Washington, DC",3.9,"Experience working with big data sets (greater 100,000 observations) and big data techniques (e.g. machine learning).",Posted5 days ago
288,SR DATA SCIENTIST-DATA ANALYTICS,PPD,Estimated $121K – $153K a year,"Bethesda, MD",3.5,"Navigates large, complex datasets for data mining, profiling, and curation, and natural language processing (NLP), as well as identifies related data that is…",Posted30+ days ago
289,Data Scientist (2021-0324),Acclaim Technical Services,Full-time,"Annapolis Junction, MD 20701+1 location",4.4,The Data Scientist will lead a team of data scientists in the development of multiple analytic efforts; work with customers and Subject Matter Experts (SMEs) to…,Posted30+ days ago
290,"Senior Data Analyst, Business Analytics",Privia Health,Full-time,"Washington, DC•Remote",2.7,"The Senior Data Analyst, Business Analytics is a key contributor and subject matter expert on our Analytics team enabling our clients to make better data-driven…",Posted5 days ago
291,REMOTE - Chief Data Scientist,Melkotech,Contract,"Washington, DC•Remote",,"Identify opportunities to apply innovative machine learning, natural language processing, reasoning systems, and other tools and techniques to automate data…",Posted30+ days ago
292,Senior Data Analyst,Mid-Atlantic Permanente Medical Group PC,Full-time,"Rockville, MD 20852+2 locations",4.1,Ability to express complex analytical and technical information to senior management or to audiences with clinical training.,Posted4 days ago
293,"Statistician, GS-1530-13, DE, (Open Continuous)",US Office for Civil Rights,"$103,690 - $134,798 a year","Washington, DC 20202 (Southwest Federal Center area)",,Handles the most complex aspects of applying the principles and theories of statistical analytics and OCR-related legal requirements to determining compliance…,Posted30+ days ago
294,Data Scientist: DRGov (Secret),DataRobot,Full-time,"Chantilly, VA+1 location",4.0,"An ideal CFDS candidate should have strong fundamentals of applied data science in a business setting, and should enjoy communicating and evangelizing data…",Posted7 days ago
295,Data Analyst II (Data Science/ML),Cvent,Full-time,"McLean, VA 22102+1 location•Remote",3.6,"You must be highly collaborative and used to taking initiatives: you will work with data scientists, software developers and product managers on a daily basis.",Posted14 days ago
296,Data Scientist - Senior,Masego,Full-time,"Fort Belvoir, VA 22060•Remote",,"Candidate will understand the meaning, limitations, and scope of the results, and translate them into insights for technical and non-technical teammates.",Posted30+ days ago
297,Federal Azure Data & AI Specialist,Microsoft,Full-time,"Washington, DC",4.2,"Experience. 3-5 years' experience selling business solutions to US Department of Veterans Affairs, Federal / Civilian customers, or to the health care provider…",Posted30+ days ago
298,Supervisory Statistician,US Office of Federal Contract Compliance Programs,"$126,233 - $164,102 a year","Washington, DC",,"Information Technology Research and Development - Knowledge of scientific principles, methods, and tools of basic and applied research used to conduct a…",Posted9 days ago
299,"Data Scientist, Senior",TENICA and Associates LLC,Estimated $130K – $164K a year,"Springfield, VA 22150+3 locations",4.3,"Develop scripts for running and testing the algorithms and analytics, using programs such as Databricks, Python, and Jupyter Notebook.",Posted30+ days ago
